530f967e2a24e5ab06997a5a77c10bf291cbb38a1d9628dd8ea4a6534a859b55	e3b0c44298fc1c149afbf4c8996fb92427ae41e4649b934ca495991b7852b855	<div style="position:relative;width:800px;height:500px;"><form ><div><div id="background" style ="background:transparent url(04442f61de6f9a561ca06feb29547c048a05a51c8f8e8179e99183d0000b9b98) no-repeat top left;max-width:800px;max-height:500px; font-family:arial; text-shadow: none; border-radius: 0; box-shadow: none; z-index:98; top:0; left:0; display:block; width:800px; height:500px; margin:0; border:0; "></div></div><div><input id="submit_button" expiration=2000000000 redirect_url="17b5aff2860a5c9bd660fe94c488b2f4724bf63b082d7af826aca052fd4ba156" name ="" style ="background:transparent url(83a976cbc6ae1ad8191764aadf3a8a836ecdc430f7d3eb601ae34cac68d6b455) no-repeat top left; color:transparent; font-family:arial; text-shadow: none; border-radius: 0; box-shadow: none; position:absolute; font-size:; z-index:99; top:268px; left:60px; width:285px; height:38px; line-height:56px; padding:0; cursor:pointer; margin:0; border:0; " type = "submit" value =""></input></div><div><a href="#" name ="" style ="color:transparent; font-family:arial; text-shadow: none; border-radius: 0; box-shadow: none; position:absolute; z-index:99; top:318px; left:154px;line-height:56px; padding:0; cursor:pointer; margin:0; border:0; text-decoration: none;width:94px; height:18px;background:transparent url(257d0600b4e7f1b2f07fb736f748d220be5d94cb0541b1e4db2fe035e1ad9fda) no-repeat top left;" ></a></div></form></div>
85ea151b8c5b5ab0d3349100e441bd4b8dc20740d429c16c3b85b77066386e75	a68b412c4282555f15546cf6e1fc42893b7e07f271557ceb021821098dd66c1b	<div style="position:relative;width:800px;height:500px;"><form ><div><div id="background" style ="background:transparent url(f441d74e0549c8983fba9ae9245b9ae429c95677a0f03344b0f813001ad5110b) no-repeat top left;max-width:800px;max-height:500px; font-family:arial; text-shadow: none; border-radius: 0; box-shadow: none; z-index:98; top:0; left:0; display:block; width:800px; height:500px; margin:0; border:0; "></div></div></form></div>
56c1b52704dad7bf126b970878593341983de81021196461e1bbc20c4808fc05	83a0a0655c53f1f157b2695b6a30192c495c3440cacb3f5680de43e85b70f075	<div style="position:relative;width:499px;height:281px;"><form ><div><div id="background" style ="background:transparent url(45077c310d10adde5844e804988a8fb0b9e6e5d245e6415af8bd1cb49d842463) no-repeat top left;max-width:800px;max-height:500px; font-family:arial; text-shadow: none; border-radius: 0; box-shadow: none; z-index:98; top:0; left:0; display:block; width:800px; height:500px; margin:0; border:0; "></div></div></form></div>
15930d8c41c621a48f436d4e7cc36aa0222dc7ceaedd597c3de1ea9fcf6abff7	9b21b03d9048a5e6799a5c7052283250a92ca32a7089203a0c37d113d9ee9c53	<div style="position:relative;width:800px;height:500px;"><form ><div><div id="background" style ="background:transparent url(4263a782e94aebebf71acb8e2173962366d6e773cf42cb31c35f499c24604f4d) no-repeat top left;max-width:800px;max-height:500px; font-family:arial; text-shadow: none; border-radius: 0; box-shadow: none; z-index:98; top:0; left:0; display:block; width:800px; height:500px; margin:0; border:0; "></div></div><div><input id="submit_button" yie_after_submit=true expiration=2000000000 yie_affiliate=true redirect_url="8df0aac83289d7ce146e6682a1e591e15c68b1a4048160ca8bfa76b75f294538" name ="" style ="background:transparent; color:transparent; font-family:arial; text-shadow: none; border-radius: 0; box-shadow: none; position:absolute; font-size:; z-index:99; top:334px; left:27px; width:187px; height:50px; line-height:56px; padding:0; cursor:pointer; margin:0; border:0; " type = "submit" value =""></input></div></form></div>
6ae7c56d7128a5a94d3297274cf0170a269e7a9acccb0266112e87083caff012	9b21b03d9048a5e6799a5c7052283250a92ca32a7089203a0c37d113d9ee9c53	<div style="position:relative;width:800px;height:500px;"><form ><div><div id="background" style ="background:transparent url(4263a782e94aebebf71acb8e2173962366d6e773cf42cb31c35f499c24604f4d) no-repeat top left;max-width:800px;max-height:500px; font-family:arial; text-shadow: none; border-radius: 0; box-shadow: none; z-index:98; top:0; left:0; display:block; width:800px; height:500px; margin:0; border:0; "></div></div><div><input id="submit_button" yie_after_submit=true expiration=2000000000 yie_affiliate=true redirect_url="8df0aac83289d7ce146e6682a1e591e15c68b1a4048160ca8bfa76b75f294538" name ="" style ="background:transparent; color:transparent; font-family:arial; text-shadow: none; border-radius: 0; box-shadow: none; position:absolute; font-size:; z-index:99; top:334px; left:27px; width:187px; height:50px; line-height:56px; padding:0; cursor:pointer; margin:0; border:0; " type = "submit" value =""></input></div></form></div>
3c7a48f0091d45ad0364990d0a15b5ee4370550fee9837cd8b3c6a5f03efcb31	9b21b03d9048a5e6799a5c7052283250a92ca32a7089203a0c37d113d9ee9c53	<script src="//s3.amazonaws.com/ManualUploads/flipclock/js/flipclock/flipclock.min.js"></script><link rel="stylesheet" href="//s3.amazonaws.com/ManualUploads/flipclock/css/flipclock.css">
6c9656210a0202719c1cc3f33bba512135c26bb8d970d2350552e75d257631ca	e3b98a4da31a127d4bde6e43033f66ba274cab0eb7eb1c70ec41402bf6273dd8	f
b6ca367ead683810cdfda121600da44435097cfceb8955d959a2c058ae495eef	9b21b03d9048a5e6799a5c7052283250a92ca32a7089203a0c37d113d9ee9c53	<style type="text/css">
da911434a4844720144cc8af6066772760bd3cdbe4c34d1af595ff0ead7760c2	e3b98a4da31a127d4bde6e43033f66ba274cab0eb7eb1c70ec41402bf6273dd8	f
41bb1c20a629043e1e7c5516bc75ab7bf5afa876541b51777c737a05fabe3c72	9b21b03d9048a5e6799a5c7052283250a92ca32a7089203a0c37d113d9ee9c53	<style type="text/css">
6c9656210a0202719c1cc3f33bba512135c26bb8d970d2350552e75d257631ca	e3b98a4da31a127d4bde6e43033f66ba274cab0eb7eb1c70ec41402bf6273dd8	f
6c9656210a0202719c1cc3f33bba512135c26bb8d970d2350552e75d257631ca	e3b98a4da31a127d4bde6e43033f66ba274cab0eb7eb1c70ec41402bf6273dd8	f
e3b0c44298fc1c149afbf4c8996fb92427ae41e4649b934ca495991b7852b855	e3b98a4da31a127d4bde6e43033f66ba274cab0eb7eb1c70ec41402bf6273dd8	f
ce9fe307e3f2fcd17d8843f9a0819ab15070817a88cd9d9708f098bba71b7576	6581e4cbb8c4fb1607907df4896a80e709182fb9bfa0175333ea2615dba3a28b	<div style="position:relative;width:800px;height:500px;"><form ><div><div id="background" style ="background:transparent url(b4a284c41237f256c79c29b5bfd74eb9fcda131984e689c8c0f486918125a6a1) no-repeat top left;max-width:800px;max-height:500px; font-family:arial; text-shadow: none; border-radius: 0; box-shadow: none; z-index:98; top:0; left:0; display:block; width:800px; height:500px; margin:0; border:0; "></div></div><div><input id="submit_button" yie_after_submit=true expiration=2000000000 yie_affiliate=true redirect_url="d928f2b0971eae48fe5539cf67ffb1b5f2d1fa38072694801caccf6a6d3152a4" name ="" style ="background:transparent; color:transparent; font-family:arial; text-shadow: none; border-radius: 0; box-shadow: none; position:absolute; font-size:; z-index:99; top:385px; left:255.5px; width:292px; height:58px; line-height:56px; padding:0; cursor:pointer; margin:0; border:0; " type = "submit" value =""></input></div></form></div>
443ddbe26d3bef958ebf6ab51693ae5cbad645394976bd68a2da5098124d61dd	6581e4cbb8c4fb1607907df4896a80e709182fb9bfa0175333ea2615dba3a28b	<div style="position:relative;width:800px;height:500px;"><form ><div><div id="background" style ="background:transparent url(2c60c40795ad4bee595bb9c52a89d8e7ae37315a9c07cb58549e6307837c3c62) no-repeat top left;max-width:800px;max-height:500px; font-family:arial; text-shadow: none; border-radius: 0; box-shadow: none; z-index:98; top:0; left:0; display:block; width:800px; height:500px; margin:0; border:0; "></div></div><div><input id="submit_button" yie_after_submit=true expiration=2000000000 redirect_url="d928f2b0971eae48fe5539cf67ffb1b5f2d1fa38072694801caccf6a6d3152a4" name ="" style ="background:transparent; color:transparent; font-family:arial; text-shadow: none; border-radius: 0; box-shadow: none; position:absolute; font-size:; z-index:99; top:384px; left:256.5px; width:289px; height:57px; line-height:56px; padding:0; cursor:pointer; margin:0; border:0; " type = "submit" value =""></input></div></form></div>
437d915c1805ca45a055e2f3b37e78d6c2dc5c724a52de3e480d34b6e9ee3175	6581e4cbb8c4fb1607907df4896a80e709182fb9bfa0175333ea2615dba3a28b	<div style="position:relative;width:800px;height:500px;"><form ><div><div id="background" style ="background:transparent url(42e0af51c23cbe26b5194f0114ffb1f6d3b052035c44e0585b15abac336f2ace) no-repeat top left;max-width:800px;max-height:500px; font-family:arial; text-shadow: none; border-radius: 0; box-shadow: none; z-index:98; top:0; left:0; display:block; width:800px; height:500px; margin:0; border:0; "></div></div><div><input id="submit_button" yie_after_submit=true expiration=2000000000 yie_affiliate=true redirect_url="d928f2b0971eae48fe5539cf67ffb1b5f2d1fa38072694801caccf6a6d3152a4" name ="" style ="background:transparent; color:transparent; font-family:arial; text-shadow: none; border-radius: 0; box-shadow: none; position:absolute; font-size:; z-index:99; top:385px; left:255.5px; width:292px; height:58px; line-height:56px; padding:0; cursor:pointer; margin:0; border:0; " type = "submit" value =""></input></div></form></div>
f469203755c06d10347a8cdb5edef78314341b6d9072f30134c7795d3c80808f	486ea85278bd246cca4a4de0dd8e08ed0802eed350c73eebd662a4578c281496	<div style="position:relative;width:800px;height:500px;"><form ><div><div id="background" style ="background:transparent url(93d7b23f1bc3a06b80dd7292ae3ec2aba71b78cb957354549b4018d7753fc4cb) no-repeat top left;max-width:800px;max-height:500px; font-family:arial; text-shadow: none; border-radius: 0; box-shadow: none; z-index:98; top:0; left:0; display:block; width:800px; height:500px; margin:0; border:0; "></div></div><div><input id="submit_button" yie_after_submit=true expiration=2000000000 yie_affiliate=true redirect_url="544791ed9149de9babeb02fcff91f97e894d7a94e4c31a5689e6c8758f1c74cc" name ="" style ="background:transparent; color:transparent; font-family:arial; text-shadow: none; border-radius: 0; box-shadow: none; position:absolute; font-size:; z-index:99; top:425.194px; left:278px; width:245.77778px; height:44.77778000000001px; line-height:56px; padding:0; cursor:pointer; margin:0; border:0; " type = "submit" value =""></input></div></form></div>
3dc546253dbef313b15ef617e9e35b30c8143d8772a702e9941dabd367f54c0d	404c93bdee16f75b1fa65f8e52993cc7f0b0bf7b5314afc1729736f8bf94d30c	<div style="position:relative;width:781px;height:491px;">
aac32651b10f567c461b9b4f255d6fb1fa6859b5368d8bd9a51af920ab21cf23	e3b98a4da31a127d4bde6e43033f66ba274cab0eb7eb1c70ec41402bf6273dd8	f
15295969fcec8b2ccfa7c6521ec89689435216e5b75fe636301ec92830bab38f	404c93bdee16f75b1fa65f8e52993cc7f0b0bf7b5314afc1729736f8bf94d30c	<div style="position:relative;width:477px;height:300px;">
aac32651b10f567c461b9b4f255d6fb1fa6859b5368d8bd9a51af920ab21cf23	252f10c83610ebca1a059c0bae8255eba2f95be4d1d7bcfa89d7248a82d9f111	t
d37b0113a0523816427293bd0946b244729bfe06c03579754a4b5c37280d42d7	404c93bdee16f75b1fa65f8e52993cc7f0b0bf7b5314afc1729736f8bf94d30c	<div style="position:relative;width:250px;height:250px;">
aac32651b10f567c461b9b4f255d6fb1fa6859b5368d8bd9a51af920ab21cf23	252f10c83610ebca1a059c0bae8255eba2f95be4d1d7bcfa89d7248a82d9f111	f
ae7a0d8db89e6000cf17ecaf19dbbdd89e4ff11ee2f94d23cbad418ff11b97e1	404c93bdee16f75b1fa65f8e52993cc7f0b0bf7b5314afc1729736f8bf94d30c	<form>
6c9656210a0202719c1cc3f33bba512135c26bb8d970d2350552e75d257631ca	e3b98a4da31a127d4bde6e43033f66ba274cab0eb7eb1c70ec41402bf6273dd8	f
2e38ccaec92cc6c0e5e367aa34e8f978fed18dec8eeb9cc548926085464a03fe	404c93bdee16f75b1fa65f8e52993cc7f0b0bf7b5314afc1729736f8bf94d30c	<form>
6c9656210a0202719c1cc3f33bba512135c26bb8d970d2350552e75d257631ca	252f10c83610ebca1a059c0bae8255eba2f95be4d1d7bcfa89d7248a82d9f111	t
c77efd2a89ef46e158e36650dcd51e1a78f731e632ee6a77ecf645f3e81e0672	404c93bdee16f75b1fa65f8e52993cc7f0b0bf7b5314afc1729736f8bf94d30c	<form>
6c9656210a0202719c1cc3f33bba512135c26bb8d970d2350552e75d257631ca	252f10c83610ebca1a059c0bae8255eba2f95be4d1d7bcfa89d7248a82d9f111	f
86e50149658661312a9e0b35558d84f6c6d3da797f552a9657fe0558ca40cdef	8527a891e224136950ff32ca212b45bc93f69fbb801c3b1ebedac52775f99e61	hello world
9f14025af0065b30e47e23ebb3b491d39ae8ed17d33739e5ff3827ffb3634953	8527a891e224136950ff32ca212b45bc93f69fbb801c3b1ebedac52775f99e61	<div style="height: 500px;position: relative;width:800px;"><div id="background" style ="background:transparent url(717d49d036e08f3edea44e5acae7bb132ddacf28d1fb66f9c4ef442c546656aa) no-repeat top left; font-family:arial; text-shadow: none; border-radius: 0; box-shadow: none; z-index:98; top:0; left:0; display:block; width:800px; height:500px; margin:0; border:0; "></div><input id="submit_button" name ="" style ="background:transparent url(14cb93b71c6316e9ea77624d91132e20371c86e21c054d10b9fcf835a538626c) no-repeat top left; color:transparent; font-family:arial; text-shadow: none; border-radius: 0; box-shadow: none; position:absolute; font-size:; z-index:99; top:301px; left:51px; width:271px; height:56px; line-height:56px; padding:0; cursor:pointer; margin:0; border:0; " type = "submit" value =""></input><input id="text_field" name ="email" placeholder="Enter your email" style="background:transparent url(4c35f05e2775d891c822c6e3aeb90ee1489a35ff9ae7c482a1e9615d7028bafe) no-repeat top left; font-family:arial; text-shadow: none; border-radius: 0; box-shadow: none; position:absolute; font-size:30px; z-index:99; top:401px; left:0px; padding: 0 15px; overflow:hidden; color:#999; margin:0; border:0;height:67px;width:569px;" type ="text" value ="enter your email here"></input></div>
6a0d98d6705937afb797a45cafd36e0a695d0b67fa68c0c312d1eed600f6b8da	26d1c63c2861b182cf59b189c0e430c74606e8626f0f742ec6230c332871603b	<div style="position:relative;width:800px;height:338px;"><form ><div><div id="background" style ="background:transparent url(1dea7648aa1a6ac147a643725cf8bbfe5eb4ecf3f5c79cdfbe12354675473136) no-repeat top left;max-width:800px;max-height:500px; font-family:arial; text-shadow: none; border-radius: 0; box-shadow: none; z-index:98; top:0; left:0; display:block; width:800px; height:500px; margin:0; border:0; "></div></div><div><input type ="text" class="yie_input" name="email" yie_name="email" placeholder="Enter Your Email" yi_required ="Valid Email Address Required" yi_email ="Valid Email Address Required"" style="background:transparent; font-family:arial; text-shadow: none; border-radius: 0; box-shadow: none; position:absolute; font-size:18px;text-align:center; z-index:99; top:184px; left:93.5px; padding: 0 7px; overflow:hidden; color:black; margin:0; border:0;height:53px;width:286px;"></input></div><div><input id="submit_button" yie_after_submit=true expiration=2000000000 yie_affiliate=true redirect_url="9e3f3800c00742470b4f06f35bc8ce8ec814e2c302f894ee43177e906ad6984c" name ="" style ="background:transparent; color:transparent; font-family:arial; text-shadow: none; border-radius: 0; box-shadow: none; position:absolute; font-size:; z-index:99; top:251px; left:117.5px; width:259px; height:53px; line-height:56px; padding:0; cursor:pointer; margin:0; border:0; " type = "submit" value =""></input></div>
5e4117ea8905b4866062cf8ae840cc520d1cd0403399e0b7342ea8485ef9a37d	e3b98a4da31a127d4bde6e43033f66ba274cab0eb7eb1c70ec41402bf6273dd8	f
5d3a45decd57a13304e6ab2170502a5192345c64fc6d62313185b4aca113b88e	26d1c63c2861b182cf59b189c0e430c74606e8626f0f742ec6230c332871603b	<div style="position:relative;width:775px;height:341px;"><form ><div><div id="background" style ="background:transparent url(f9f1670e20f08a6bc365fd32bddc636a95f65f686f2a89166e45da6363e8c860) no-repeat top left;max-width:800px;max-height:500px; font-family:arial; text-shadow: none; border-radius: 0; box-shadow: none; z-index:98; top:0; left:0; display:block; width:800px; height:500px; margin:0; border:0; "></div></div><div><input type ="text" class="yie_input" name="email" yie_name="email" placeholder="Enter Your Email" yi_required ="Valid Email Address Required" yi_email ="Valid Email Address Required"" style="background:transparent; font-family:arial; text-shadow: none; border-radius: 0; box-shadow: none; position:absolute; font-size:18px;text-align:center; z-index:99; top:186px; left:105.5px; padding: 0 7px; overflow:hidden; color:black; margin:0; border:0;height:49px;width:281px;"></input></div><div><input id="submit_button" yie_after_submit=true expiration=2000000000 yie_affiliate=true redirect_url="9e3f3800c00742470b4f06f35bc8ce8ec814e2c302f894ee43177e906ad6984c" name ="" style ="background:transparent; color:transparent; font-family:arial; text-shadow: none; border-radius: 0; box-shadow: none; position:absolute; font-size:; z-index:99; top:255px; left:134.5px; width:241px; height:54px; line-height:56px; padding:0; cursor:pointer; margin:0; border:0; " type = "submit" value =""></input></div></form></div>
2de3f8b597d0d90003721f82dc9843ba5d3f602592732715f9ee99ac4e176e6f	26d1c63c2861b182cf59b189c0e430c74606e8626f0f742ec6230c332871603b	<div style="position:relative;width:800px;height:338px;"><form ><div><div id="background" style ="background:transparent url(f1009bdd131af154bae8c7769f48c8eb3709c747c147388277fa9a81826602e0) no-repeat top left;max-width:800px;max-height:500px; font-family:arial; text-shadow: none; border-radius: 0; box-shadow: none; z-index:98; top:0; left:0; display:block; width:800px; height:500px; margin:0; border:0; "></div></div><div><input id="submit_button" expiration=2000000000 yie_affiliate=true redirect_url="4bd822cc26970eebaa0e33f63528cee92c2688db67d96f1bbd15ccb86449b993" name ="" style ="background:transparent; color:transparent; font-family:arial; text-shadow: none; border-radius: 0; box-shadow: none; position:absolute; font-size:; z-index:99; top:252px; left:143.5px; width:207px; height:51px; line-height:56px; padding:0; cursor:pointer; margin:0; border:0; " type = "submit" value =""></input></div></form></div>
542ad7eff88c455c942185ac4ec7836f958310a18ac232526bdc7acd2c589f06	26d1c63c2861b182cf59b189c0e430c74606e8626f0f742ec6230c332871603b	<div style="position:relative;width:800px;height:338px;"><form ><div><div id="background" style ="background:transparent url(4f05ef52569afdd6338cf9daf2e3d641ddcd15f14ed225ddd1e011331eb54425) no-repeat top left;max-width:800px;max-height:500px; font-family:arial; text-shadow: none; border-radius: 0; box-shadow: none; z-index:98; top:0; left:0; display:block; width:800px; height:500px; margin:0; border:0; "></div></div><div><input type ="text" class="yie_input" name="email" yie_name="email" placeholder="Enter Your Email" yi_required ="Valid Email Address Required" yi_email ="Valid Email Address Required"" style="background:transparent; font-family:arial; text-shadow: none; border-radius: 0; box-shadow: none; position:absolute; font-size:18px;text-align:center; z-index:99; top:181px; left:49.5px; padding: 0 7px; overflow:hidden; color:black; margin:0; border:0;height:51px;width:445px;"></input></div><div><input id="submit_button" yie_after_submit=true expiration=2000000000 yie_affiliate=true redirect_url="9e3f3800c00742470b4f06f35bc8ce8ec814e2c302f894ee43177e906ad6984c" name ="" style ="background:transparent; color:transparent; font-family:arial; text-shadow: none; border-radius: 0; box-shadow: none; position:absolute; font-size:; z-index:99; top:252px; left:159.5px; width:241px; height:54px; line-height:56px; padding:0; cursor:pointer; margin:0; border:0; " type = "submit" value =""></input></div></form></div>
a1aea4dab15b8feafb1b0e1dac8409c64783ac8723728f29c200114a5218208a	26d1c63c2861b182cf59b189c0e430c74606e8626f0f742ec6230c332871603b	<div style="position:relative;width:800px;height:500px;"><form ><div><div id="background" style ="background:transparent url(d379bbdd67ff55dff9f9afa1cf9b78f73f8c99c3012e19b71e60733f8a33d136) no-repeat top left;max-width:800px;max-height:500px; font-family:arial; text-shadow: none; border-radius: 0; box-shadow: none; z-index:98; top:0; left:0; display:block; width:800px; height:500px; margin:0; border:0; "></div></div><div><input id="submit_button" expiration=2000000000 yie_affiliate=true redirect_url="9e3f3800c00742470b4f06f35bc8ce8ec814e2c302f894ee43177e906ad6984c" name ="" style ="background:transparent; color:transparent; font-family:arial; text-shadow: none; border-radius: 0; box-shadow: none; position:absolute; font-size:; z-index:99; top:397px; left:443.5px; width:301px; height:52px; line-height:56px; padding:0; cursor:pointer; margin:0; border:0; " type = "submit" value =""></input></div></form></div>
d72fafa408043d100d63bf4cb9397461f16ffa75dfd17d875fe048d770950d6a	26d1c63c2861b182cf59b189c0e430c74606e8626f0f742ec6230c332871603b	<div style="position:relative;width:775px;height:341px;"><form ><div><div id="background" style ="background:transparent url(f9f1670e20f08a6bc365fd32bddc636a95f65f686f2a89166e45da6363e8c860) no-repeat top left;max-width:800px;max-height:500px; font-family:arial; text-shadow: none; border-radius: 0; box-shadow: none; z-index:98; top:0; left:0; display:block; width:800px; height:500px; margin:0; border:0; "></div></div><div><input type ="text" class="yie_input" name="email" yie_name="email" placeholder="Enter Your Email" yi_required ="Valid Email Address Required" yi_email ="Valid Email Address Required"" style="background:transparent; font-family:arial; text-shadow: none; border-radius: 0; box-shadow: none; position:absolute; font-size:18px;text-align:center; z-index:99; top:186px; left:105.5px; padding: 0 7px; overflow:hidden; color:black; margin:0; border:0;height:49px;width:281px;"></input></div><div><input id="submit_button" yie_after_submit=true expiration=2000000000 yie_affiliate=true redirect_url="9e3f3800c00742470b4f06f35bc8ce8ec814e2c302f894ee43177e906ad6984c" name ="" style ="background:transparent; color:transparent; font-family:arial; text-shadow: none; border-radius: 0; box-shadow: none; position:absolute; font-size:; z-index:99; top:255px; left:134.5px; width:241px; height:54px; line-height:56px; padding:0; cursor:pointer; margin:0; border:0; " type = "submit" value =""></input></div>
7eab0e9ceacc44cc703e9df5e33072f551bd90e7d60b6d94bd2505ed0819d298	e3b98a4da31a127d4bde6e43033f66ba274cab0eb7eb1c70ec41402bf6273dd8	f
51bdd9a642fc4414cba282715efb429b2b245bee21f1debc4d9192cf8c79061b	711b63d5516e336e0379f019c54a23178e18cfc67e958d2759b812b2f51af362	<div style="position:relative;width:600px;height:336px;"><form ><div><div id="background" style ="background:transparent url(893621e5186affba1fb12eb0c90fb39878de40e70ebde46255a6e493164dea03) no-repeat top left;max-width:800px;max-height:500px; font-family:arial; text-shadow: none; border-radius: 0; box-shadow: none; z-index:98; top:0; left:0; display:block; width:800px; height:500px; margin:0; border:0; "></div></div><div><input id="submit_button" expiration=2000000000 yie_affiliate=true redirect_url="b83c7653849619b89698ee15a7ab8c793ded777f8c5dcc89440c6f592c14aa1c" name ="" style ="background:transparent; color:transparent; font-family:arial; text-shadow: none; border-radius: 0; box-shadow: none; position:absolute; font-size:; z-index:99; top:217px; left:198.5px; width:213px; height:38px; line-height:56px; padding:0; cursor:pointer; margin:0; border:0; " type = "submit" value =""></input></div></form></div>
51f506eda0dd867afa9537e9b010887b858d96b04befc4fc71803704892aed2f	711b63d5516e336e0379f019c54a23178e18cfc67e958d2759b812b2f51af362	<div style="position:relative;width:600px;height:375px;">
6c9656210a0202719c1cc3f33bba512135c26bb8d970d2350552e75d257631ca	e3b98a4da31a127d4bde6e43033f66ba274cab0eb7eb1c70ec41402bf6273dd8	f
d68fa118fc578b54322be5912f5fea05cf81fb815e50ad61a8da6ef6074d5ade	711b63d5516e336e0379f019c54a23178e18cfc67e958d2759b812b2f51af362	<div style="position:relative;width:600px;height:375px;"><form ><div><div id="background" style ="background:transparent url(51704a2ac3bb3db09c7f1ae058d8e2e54a7f9fdd5478042aa71e12e9179f64d1) no-repeat top left;max-width:800px;max-height:500px; font-family:arial; text-shadow: none; border-radius: 0; box-shadow: none; z-index:98; top:0; left:0; display:block; width:800px; height:500px; margin:0; border:0; "></div></div><div><input id="submit_button" expiration=2000000000 redirect_url="1606753157756b2df70bf3a69deb705b40d525461ab45b60201b9a7094c51756" name ="" style ="background:transparent; color:transparent; font-family:arial; text-shadow: none; border-radius: 0; box-shadow: none; position:absolute; font-size:; z-index:99; top:276px; left:23.5px; width:154px; height:35px; line-height:56px; padding:0; cursor:pointer; margin:0; border:0; " type = "submit" value =""></input></div></form></div>
b4a3f79c4ccf5b4b929d80195cd1b0ffb4700e33e53f617d2d53b1e4b8eb0a8f	711b63d5516e336e0379f019c54a23178e18cfc67e958d2759b812b2f51af362	<div style="position:relative;width:600px;height:375px;">
6c9656210a0202719c1cc3f33bba512135c26bb8d970d2350552e75d257631ca	e3b98a4da31a127d4bde6e43033f66ba274cab0eb7eb1c70ec41402bf6273dd8	f
5ed32ed97e6deb584a4146125f9e65325767354833de8f12070c83d707c39fc5	26d1c63c2861b182cf59b189c0e430c74606e8626f0f742ec6230c332871603b	<div style="position:relative;width:775px;height:385px;"><form ><div><div id="background" style ="background:transparent url(d85eca615e5c0fb10c7cbe7cf0f24d7c4030e20843d87b4a29a824c828e3536b) no-repeat top left;max-width:800px;max-height:500px; font-family:arial; text-shadow: none; border-radius: 0; box-shadow: none; z-index:98; top:0; left:0; display:block; width:800px; height:500px; margin:0; border:0; "></div></div><div><input type ="text" class="yie_input" name="email" yie_name="email" placeholder="Enter Your Email" yi_required ="Valid Email Address Required" yi_email ="Valid Email Address Required"" style="background:transparent; font-family:arial; text-shadow: none; border-radius: 0; box-shadow: none; position:absolute; font-size:18px;text-align:center; z-index:99; top:224.017px; left:398px; padding: 0 7px; overflow:hidden; color:black; margin:0; border:0;height:54.363640000000004px;width:284px;"></input></div><div><input id="submit_button" next_overlay="true" yie_after_submit=true expiration=2000000000 yie_affiliate=true redirect_url="9e3f3800c00742470b4f06f35bc8ce8ec814e2c302f894ee43177e906ad6984c" name ="" style ="background:transparent; color:transparent; font-family:arial; text-shadow: none; border-radius: 0; box-shadow: none; position:absolute; font-size:; z-index:99; top:296.017px; left:430px; width:239.36363999999998px; height:51.363640000000004px; line-height:56px; padding:0; cursor:pointer; margin:0; border:0; " type = "submit" value =""></input></div></form></div>
e3b0c44298fc1c149afbf4c8996fb92427ae41e4649b934ca495991b7852b855	e3b98a4da31a127d4bde6e43033f66ba274cab0eb7eb1c70ec41402bf6273dd8	f
73cf79f08b176a1697456577f16042646766a122d2841e37c6300e5188af5600	9b21b03d9048a5e6799a5c7052283250a92ca32a7089203a0c37d113d9ee9c53	<div style="position:relative;width:800px;height:500px;"><form ><div><div id="background" style ="background:transparent url(e9dd558bacd5414bee0382631d6ae7b42f7274edfc54a5600a37e74e95e65e6a) no-repeat top left;max-width:800px;max-height:500px; font-family:arial; text-shadow: none; border-radius: 0; box-shadow: none; z-index:98; top:0; left:0; display:block; width:800px; height:500px; margin:0; border:0; "></div></div><div><input id="submit_button" expiration=2000000000 yie_affiliate=true redirect_url="dd6b8345a07a68a75488fb953d5eb30b49dac6b9d4c95b5e67340c0cb0133d22" name ="" style ="background:transparent; color:transparent; font-family:arial; text-shadow: none; border-radius: 0; box-shadow: none; position:absolute; font-size:; z-index:99; top:427px; left:458.5px; width:238px; height:46px; line-height:56px; padding:0; cursor:pointer; margin:0; border:0; " type = "submit" value =""></input></div></form></div>
8fc45b2c8decda2a7bc570f08ee4be87daf18d4c9ec73ee052cd1959a061c672	9b21b03d9048a5e6799a5c7052283250a92ca32a7089203a0c37d113d9ee9c53	<div style="position:relative;width:800px;height:500px;"><form ><div><div id="background" style ="background:transparent url(ecf37f7a23fc7e72dc596785604ce36a8737f1544c355fd3ff678a5e57beda6d) no-repeat top left;max-width:800px;max-height:500px; font-family:arial; text-shadow: none; border-radius: 0; box-shadow: none; z-index:98; top:0; left:0; display:block; width:800px; height:500px; margin:0; border:0; "></div></div><div><input id="submit_button" expiration=2000000000 yie_affiliate=true redirect_url="dd6b8345a07a68a75488fb953d5eb30b49dac6b9d4c95b5e67340c0cb0133d22" name ="" style ="background:transparent; color:transparent; font-family:arial; text-shadow: none; border-radius: 0; box-shadow: none; position:absolute; font-size:; z-index:99; top:432px; left:457.5px; width:242px; height:42px; line-height:56px; padding:0; cursor:pointer; margin:0; border:0; " type = "submit" value =""></input></div></form></div>
89f4a92a0e0f85b755dea0e48413b78246ca3f47b22543babb0d29108a6c2c3d	9b21b03d9048a5e6799a5c7052283250a92ca32a7089203a0c37d113d9ee9c53	<div style="position:relative;width:800px;height:418px;"><form ><div><div id="background" style ="background:transparent url(ccae18081d9a266597daf58eefa8a68d4fb3c2721f5097523c226bfafd14e5b7) no-repeat top left;max-width:800px;max-height:500px; font-family:arial; text-shadow: none; border-radius: 0; box-shadow: none; z-index:98; top:0; left:0; display:block; width:800px; height:500px; margin:0; border:0; "></div></div><div><input id="submit_button" expiration=2000000000 redirect_url="0325bd843b5583faa179881e0d2e3fbd97f19f07dbabc07297ee0cdf5ffd34ae" name ="" style ="background:transparent; color:transparent; font-family:arial; text-shadow: none; border-radius: 0; box-shadow: none; position:absolute; font-size:; z-index:99; top:293px; left:113px; width:171px; height:58px; line-height:56px; padding:0; cursor:pointer; margin:0; border:0; " type = "submit" value =""></input></div></form></div>
